text,isConcert
anacondaz  дубак official music video  на улице дубак на сердце хорошо   ноября  москва  stadium  декабря  минск  republic  декабря  санктпетербург  a  билеты и расписание тура anacondazru,1
продажи билетов в stadium на нашем сайте закрыты  но их еще можно заказать здесь  httpsvkcomapp  httpsvkccvug   до встречи на концерте,1
друзья настоятельно просим вас отказаться от использования пиротехники не согласованной со службой безопасности клуба на нашем завтрашнем концерте в стадиуме надеемся на ваше понимание всем мир ,1
москва завтра,1
напоминаем что наш московский концерт который состоится уже в эту пятницу откроют специальные гости группа ермак   ноября | stadium |   собираемся к самому началу билеты anacondazru,1
немного закадровости нашего нового клипа дубак  кстати если вы его както пропустили то он здесь httpswwwyoutubecomwatchvwbkcwhumci,0
anacondaz  беляши live at stadium   большие концерты в трех столицах  ноября  москва  stadium  декабря  минск  republic  декабря  санктпетербург  a  билеты и расписание тура anacondazru,1
альбом все успели расслушать пора бы определиться с любимым треканом  зы песня двое в голосовалку не вместилась но если она  ваш фаворит можете отметить это в комментарии  anacondaz ятебяникогда,0
junkyard storytellaz  специальные гости нашего питерского концерта  просим любить и жаловать их  декабря в a  билеты anacondazruanacondazinspbhall,1
москва stadium презентация альбома я тебя никогда  уже  ноября то есть в эту пятницу  билеты anacondazruanacondazinmoscowhall  anacondaz ятебяникогда adrenalinestadium,1
как там на улице,0
екб,1
немножко проверили музыкальную эрудицию группы slaves  ищи нас гдето на пятой минуте,0
у нас тут черная пятница в самом разгаре   кому pauzernмерча по дичайшим скидкам  anacondazrutourproducts  чернаяпятница blackfriday носкисдинозаврами,0
ровно год со дня выхода клипа двое  спасибо солнечный питер  animalджаz anacondaz ятебяникогда,0
вот и на клипы ты знаешь кто он и круглый год накапали первые миллионы просмотров  а уже завтра у нас выходит новое видео угадаете на какую песню,0
черная пятница грядет а с ней и ная скидка на наш мерч акция продлится с  по   так что заходи на наш сайт под конец недели и тебе там найдется подарок и твоему новому парню anacondazrutourproducts  чернаяпятница blackfriday носкисдинозаврами,0
это будет жаркая неделька много урала и снова сибирь   ноября  ижевск  пинта  ноября  пермь  m  ноября  тюмень  байконур  ноября  екатеринбург  свобода  ноября  челябинск  ozz  билеты на anacondazru,1
anacondaz  ангел live at stadium   большие концерты в трех столицах  ноября  москва  stadium  декабря  минск  republic  декабря  санктпетербург  a  билеты и расписание тура anacondazru,1
важный день в истории мирового рока  нашему илье бешеному псу погребняку сегодня исполняется    к этому почтенному возрасту он свершил немало великих дел например записал  альбомов anacondaz и впустил в нашу грешную жизнь прекрасную заточку  ильюшон не сидит на месте  равняйся на ильюшона и поздравляй его от всей души,0
сибирь вы как там встречаемся уже на днях   ноября  красноярск  circus  ноября  новосибирск  подземка  билеты на anacondazru,1
ортм раскусывает футбольные вопросы как орешки и почти попадает в перекладину в новом выпуске проекта brosport tv  youtubecombrosporttv,0
у нашего друга мэйти вышел новый клип крот надо бы заценить   и еще припомнить нашу совместочку добрая песня  ну и на концерты к нему сходить  декабря  минск  граффити  декабря  петербург  opera  декабря  москва   тонн,1
наш большой концерт в московском adrenaline stadium откроет ермак  теперь уж точно нельзя прогуливать   билеты на anacondazru,1
на этой неделе компанию в туре нам составит великолепная заточка  следующие три города должны просто рыдать от счастья ведь ильюшон для них отпахает в две смены   ноября  киров  gaudi  ноября  казань  korston  ноября  нижний новгород  milo  все билеты на anacondazru,1
арт бу simple a r t,0
у нас две новости одна хорошая а вторая заебись   альбом в вк и на других площадках восстановлен в каноническом виде  все матюки вернули до последнего хуя   пока искали мат наслушали треки в этом плейлисте до    раз   спасибо за терпение и поддержку ебать,0
в ноябре продолжаем турить пуще прежнего  ближайшая паузернгастроль   ноября  воронеж  palazzo  ноября  ростовнадону  arena don  ноября  краснодар  arena hall  больше городов на anacondazru,1
 декабря пацаны откроют наш концерт в санктпетербурге готовимся и ценим их новый альбом,1
junkyard storytellaz  golden guillotine  запись интерзвук fonton сведение сергей наветный сева иванов  лейбл peter explorer  обложка bob diddle и максим опасных   слушать lnktogoldenguillotine тур  httpsvkccyyp,0
всем салам   пейзажи астраханские режисср астраханский гитарист астраханский юрец из тюмени,0
заточка  батя бьт маму премьера клипа  альбом грязное дельце   boom  httpsvkcccwdix,0
наше интервью для apple music наконецто вышло целиком если вы следите за нами в connectе то уже все посмотрели а если нет то вот вам ссылочки   часть  vkccdpiot часть  vkccdpjsd часть  vkccdpjdx часть  vkccdpjvm часть  vkccdpkk часть  vkccdpkll,0
если пропустили то вот почитайте предварительно сделайте себе какао или чай бутик и наслаждайтесь,0
 октября у группы anacondaz вышел альбом я тебя никогда в котором они в очередной раз смогли остаться верными своему фирменному стилю но при этом удивить слушателей по полной программе   поговорили с артмом о реакции фанатов на новый альбом любимой музыке рокнролле и планах на будущее   personalityykart  interviewykart,0
без паники   мы в курсе всей этой неразберихи с обычными и цензурированными версиями песен нового альбома  квалифицированные специалисты уже работают над устранением этой проблемы без выходных и обеденных перерывов,0
картинка заебись  anacondaz ятебяникогда мэнспрединг,0
чегем ,0
на прошлой неделе в чартовой дюжине состоялась премьера песни дубак с нашего нового альбома я тебя никогда  как ни странно это не первый наш трек засветившийся в хитпараде нашего радио несколько лет назад мы уже участвовали там с песней самый счастливый человек на земле причем с большим успехом  в  году наш фит с группой тараканы протусовался в чартовой дюжине целых  недель с  марта по  июля из них три недели подряд он входил в топ а  мая победно занял верхнюю строчку более подробную статистику можно найти на сайте tarafany tarafanyrucharts  дубаку также ничто не мешает возглавить этот топ всегото нужно каждый день голосовать за него на nasheruchartova номер  в раскрывающемся списке хвала всем кто так делает   anacondaz ятебяникогда tarakany чартовадюжина,0
пока в нашем коннекте ежедневно выходят новые кусочки видеоответов на вопросы об альбоме я тебя никогда ссылку мы давали постом ниже паблик yk опубликовал еще одно интервью с артмом  большое и текстовое  vkcomintervusartemomhorevymanacondaz  приятных чтений,0
на нашей странице в apple music connect вышло эксклюзивное интервью с ортмом сегой и тимуром вернее только первая часть интервью из планируемых шести в которой перетерли за название нового альбома его ранний слив панкрок и мэнспрединг  чтобы не пропустить остальные выпуски следите за нами в apple music geoitunesapplecomartistappmusic  anacondaz ятебяникогда applemusic,0
хоули щит копатьхоронить   в чартовой дюжине нашего радио стартовал наш дубак   голосовать за песню можно каждый день на wwwnasheruchartova наш номер в раскрывающемся списке номинантов   anacondaz ятебяникогда чартовадюжина,0
арт бу simple a r t,0
ровно за одну неделю c момента релиза плейлист с нашим новым альбомом собрал два миллиона прослушиваний в vk music спасибевичи за поддержку  кто первым оставит комментарий почему учитываются только мои прослушивания будет дьявольски оригинален  anacondaz ятебяникогда,0
а еще наш новый альбом можно слушать на youtube и любоваться в это время его обложкой в качестве от p до p приятного просмотра  целиком httpsyoutubefmiqbftea попесенно httpsgoogldetshn  anacondaz ятебяникогда,0
и снова день рождения проффа выпадает на наш очередной тур  мы отмечаем его прямо в дороге а вы можете поздравить алексея во всех его соцсетях и здесь в комментариях белгород так вообще может сделать это живьем сегодня же вечером в клубе часы,1
вы спрашивали где наш новый альбом да везде   itunes store applecopltum    apple music applecocckkyq    яндексмузыка googlesmxq    youtube music googlqh   google play googluxqwtf    soundcloud googlzbyy   spotify spotifiisgqs   deezer googlkndrb,0
добро пожаловать на концерты тура все билеты на anacondazru    калуга  garage   тула  m   белгород  часы показать полностью,1
anacondaz  я тебя никогда   слушать в boom vkcczsyf  музыка мерч билетики anacondazru  anacondaz ятебяникогда,0
уже на этой неделе первые концерты тура   октября  калуга  октября  тула  октября  белгород  а у нас почти закончились лимитированные худи которые можно приобрести только на официальном сайте вместе с билетами на любой из концертов httpsanacondazrutourtickets  осталось всего несколько штук,1
наш новый альбом выйдет  октября   а пока можно залететь к нам в социальные сети и подсмотреть разные интересности   билеты на тур httpsanacondazru instagram httpsinstagramcomrapanacondazutmsourceigpro twitter httpstwittercomrapanacondaz,1
поучаствовали тут в одной барной викторине правда за пределами бара  стыдно,0
илья в этом году постарался на славу записал не только наш драгоценный шестой альбом уже совсем скоро не кипишуйте но и дебютную пластинку своего нового проекта заточка  первый московский концерт заточки состоится  декабря в клубе  тонн билеты httpszatochkaru,1
ниже вы найдете расписание нашего тура  все билеты на anacondazru  а теперь давайте поиграем в нашу традиционную игру где альбом в комментариях ведь от этого он обязательно выйдет раньше    калуга  garage показать полностью,1
байкам инсайдера тут давеча три года исполнилось  а у вас какие тречки с него любимые,0
презентация нового альбома anacondaz     ноября  москва adrenaline stadium    декабря  санктпетербург a green concert  билеты на все концерты тура  httpsanacondazrutourtickets  anacondaz adrenalinestadium agreenconcert,1
гуд ньюс эвриван все товары в нашем интернетмагазине теперь можно оплачивать с помощью apple pay только в браузере safari  билеты httpsanacondazrutourtickets мерч httpsanacondazrutourproducts  смотрим прицениваемся,0
поедем в следующем году на нашествие,1
минск ждал и дождался  презентация нашего нового альбома состоится на белорусской земле в первый день зимы клуб republic строго  к сожалению несовершеннолетние не смогут попасть на концерт даже в сопровождении родителей старших братьевсестер или домашних животных  билеты httpsanacondazruanacondazinminskhall  минск minsk беларусь belarus,1
охуительный альбом будет,0
мастер слова очень сильный и мой хипхоп кумир сергей карамушкин из группы anacondaz уже послушал ледовитый и делится впечатлениями  альбомвселенная кинематографичный текст сам по себе не работает он должен трогать тут он трогает а потому  ожил весь песенный контекст с его образами и якорями оживает и разрастается при прослушивании волшебство до мурашек  предзаказ альбома здесь httpsbandlinkzimavsegda,0
не имеет значения придерживаетесь вы консервативных взглядов или считаете себя человеком прогрессивным носки из нашего интернетмагазина способны отразить в вашем облике любое мировоззрение  httpsanacondazrutourproducts,0
нужен мерч к валентину на рояле  нужна вписка к валентину  хотите передать бутылку джека нам к валентину   дико поздравляем нашего повелителя туров и текстиля с днм рождения   ps вписок нет валентин,0
очень большой рэп спасибо,0
 ноября в московском клубе adrenaline stadium состоится презентация нового альбома группы anacondaz   билеты в продаже в кассах и на сайтах   httpsvkcomapp   httpsvkccvug   httpsanacondazru    заказ по телефону   ,1
завтра в лужниках рэп  большой вход  свободный  начало всей движухи в  а нашего сета  в   деньгорода большойрэп luzhnikifree,1
змеиные истории episode iv  повествует о нашем дебютном выступлении на нашествии  шутим шутейки пропитываемся священным русским роком и конечно же ищем танки на поле все как вы любите  оператор андрей шувалов  anacondaz змеиныеистории нашествие,1
ну и коли уж сегодня день поколения вспомним видосик с нашего первого выступления в питере в  году как раз к песне про пятое сентября электричество на этом концерте решило покинуть нас  зы сорян ребята змеиные истории будут только завтра крепитесь,1
 сентября говорите,0
завтра новые змеиные истории с нашествия  а некоторые из вас еще даже старые не посмотрели не стыдно ли,0
в эту субботу празднуем день города москвы на большом рэпе  обратите внимание на то как сильно изменились лужники за последние десять лет вот и вход стал бесплатным  деньгорода большойрэп luzhnikifree,0
великий анаконгород,0
если вы сейчас в великом новгороде и при этом не на фестивале звукоморье то что вы вообще там делаете  бегите на софийскую площадь наш выход на сцену в  вход свободный подробности vkcomzvukomore  новгород великийновгород звукоморье,1
осенью в россии очень депрессивно но лишь до того момента пока мы не начнем давать концерты а приступим мы к этому незамедлительно   сентября  великий новгород  звукоморье  вход свободный подробности vkcomzvukomore  новгород великийновгород звукоморье,1
новая осенняя линейка паузернмерча уже в нашем интернетмагазине  бейсболка anacondaz  anacondazrubaseballcaphall рубашка anacondaz  anacondazrushirthall носки енот  anacondazrusocksraccoonhall носки динозавры  anacondazrusocksdinosaurshall  лимитированные худи только в составе vipбилетов httpsanacondazrutourtickets,0
сериалу могучие рейнджеры исполнилось  лет  в конце августа  года вышел его первый эпизод   в честь солидной даты предлагаем добить наш клип вдохновленный этим легендарным шоу до    просмотров на youtube а там уже почти,0
напоминаем что на предстоящий концерт anacondaz в москве есть широкий ассортимент vipбилетов которые позволят вам насладиться выступлением за столиками с отличным обзором сцены и персональным обслуживанием    заказать vipбилеты можно на сайте httpsvkccvug   а также по телефону       не упустите возможность провести время на осеннем концерте anacondaz с максимальным комфортом и до встречи  ноября в клубе adrenaline stadium,1
соскучились по змеиным историям  ловите долгожданный третий выпуск в котором мы вернемся на pauzern picnic  наш единственный летний сольник в москве  оператор денис носков  anacondaz змеиныеистории pauzernpicnic,0
тараканы вывалили на ютуб свой юбилейный dvd включающий наш совместный номер смотреть с  pauzern crew на нем дали такого огня как будто они не в главклубе а гденибудь в йотаспейсе  httpsyoutubegyhhyonrthms,0
друзья специально для тех кто ищет компанию попутчиц или попутчиков на грандиозный концерт группы anacondaz в москве была создана отдельная темаобсуждение    httpsvkcomtopic  выступление состоится  ноября но мы уже сейчас предлагаем всем обсудить планы по коллективному походу в клуб adrenaline stadium   смело отмечайтесь в теме и находите единомышленников для приятного времяпрепровождения на презентации нового альбома anacondaz в столице    приобретайте билеты заранее httpsvkccvug,1
ровно месяц назад тараканы выпустили лириквидео на песню пыль и пепел записанную совместно с группой anacondaz песня появилась в сентябре  года в рамках проекта много шума из ничего трек получился совершенно непохожим на то что тараканы делали раньше или делают сейчас тем не менее эксперимент удался песня стала одной из лучших на альбоме пыль и пепел уже вторая песня с альбома много шума из ничего которая исполняется группой на концертах  показать полностью,0
тур  билеты anacondazru    великий новгород  софийская площадь   калуга  garage   тула  m показать полностью,1
акустика live москва ,1
летние фестивали подошли к концу зато возникли осенние   сентября  великий новгород  звукоморье  подробности vkcomzvukomore  новгород великийновгород звукоморье,1
нашествие,1
сегодня наш долгожданный дебют на главном рэпсобытии года  играем финальный концерт на сцене наше  в  httpsnashestvierulineup  нашествие большоезавидово праздникхипхопа,1
тамань принимает со всем теплом  наш выход на главную сцену в ,1
в эту субботу жаримся на самом горячем байкфестивале россии   августа  веселовка  тамань  наш сет в   подробности httptamanfestcom  тамань полуостровсвободы яедунатамань,1
 ноября в московском клубе adrenaline stadium состоится презентация нового альбома группы anacondaz   билеты в продаже в кассах и на сайтах   httpsvkcomapp   httpsvkccvug   httpsanacondazru    заказ по телефону   ,1
взлетные огни аэродрома левцово,0
доброфест прекрасен,1
 плейлист что слушает артм хорев anacondaz   эти песни я чаще других слушал в этом году  сказал нам артм и поделился плейлистом из  треков новинки от мэйти и twenty one pilots немного постхардкора от wildways и underoath и многое другое бери плейлист с собой в поход   плейлистblackmilktv anacondazblackmilktv чтослушаетblackmilktv,0
горячие новости  начало нашего добросета сдвигается на ,1
продолжаем фестивалить  ярославскую область сегодня сотрясает доброфест наш выход на зеленую сцену в   httpsdobrofestinfoprogram  доброфест доброфест ярославль,1
pauzernpicnic удался  всем спасибо,1
 плейлист что слушает сега anacondaz   основатель приватной радиоволны секс fm сега открыл нам доступ к вечернему эфиру от кантрирэпа до восставшего из пепла постхардкора  настраивай примник и жми на репост или даша умрт пожелание от сергея  плейлистblackmilktv anacondazblackmilktv,0
pauzern picnic в парке красная пресня уже завтра  июля    единственный летний сольник anacondaz   выступление гостей из беларуси beznot   а еще можно будет забиться прямо на концерте   и пусть никто не уйдет обиженный  билеты на пикник httpsanacondazruanacondazpauzernpicnichall,1
pauzern picnic на красной пресне уже в этот четверг  httpsanacondazruanacondazpauzernpicnichall  и чтобы настроиться перед концертом на правильную волну давайте посмотрим aftermovie с нашего прошлогоднего сольника под открытым небом,1
anacondaz  акустика live москва   запись была сделана на закрытом акустическом концерте для участников pauzernклуба  слушать на boom boomruredirectalbum  концерты anacondazru anacondaz,1
горячий фестивальный хой ижевску и всей удмуртии  сегодня встречаемся на улетае    наш сет на северной сцене   автографсессия  ижевск сарапул удмуртия улетай,1
 июля наш концерт в рамках pauzernпикника откроют специальные гости из беларуси псевдореггибанда beznot  подтягивайтесь на пресню к  этих парней не стоит пропускать  подробности события  июля москва парк красная пресня pauzern picnic  билеты httpsanacondazruanacondazpauzernpicnichall,1
тараканы feat anacondaz  пыль и пепел  премьера lyric video  дмитрий спирин о песне и клипе   отправляясь в сентябре  года в добровольное рокотшельничество в рамках проекта много шума из ничего мы взяли на себя ответственность сочинять по одной новой песне в день показать полностью,0
наш единственный летний концерт в москве уже совсем близко  pauzern picnic в парке красная пресня прогремит  июля так что можете начинать к нему готовиться прямо сейчас  специальные гости пикника beznot беларусь  билеты httpsanacondazruanacondazpauzernpicnichall,1
новый видос от группы заточка  это всегда праздник  заточка мистерполисмен грязноедельце,0
видеоверсия нашего концерта в программе воздух на наше тв подоспела  смотрите и помните что близится наш дебют на главном рэпфестивале страны httpsnashestvierulineup  anacondaz нашетв нашествие большоезавидово,0
тараканы feat anacondaz  пыль и пепел official lyric video  премьера видео на нашу огненную совместочку напомним что трек был реализован в рамках проекта много шума из ничего на котором тараканы сочиняли и записывали по одной песне в сутки в течение  дней весь творческий процесс круглосуточно транслировался на ютубе мы присоединились к ним на пятый день этого эксперимента и вот результат    концерты группы anacondaz anacondazru   концерты группы тараканы tarakanyru   июля играем рядышком на доброфесте dobrofestinfoprogram tarakany anacondaz доброфест многошумаизничего,0
с сегодняшнего дня в нашем интернетмагазине на anacondazru действует самое щедрое предложение евер скидка  почти на все товары  httpsanacondazrutourproducts  акция продлится целых две недели те до  июля включительно  скидка не распространяется на винил и cd выходи за меня а также на футболки смотри на меня и енот,0
приколистый кавер  андрей петрович луганский  поезда или страх и отвращение в столыпине,0
большая астраханская премьера  новый альбом наших близхоньких друзей mireia  через горизонт  itunes httpsapplecoudgyqe google play httpsgooglnhhka boom httpsvkccgtou  mireiamusic mireia черезгоризонт астрахань,0
в эти самые дни в киеве проходит замечательный фестиваль atlas weekend   и пусть в этом году мы в нем не участвуем зато есть повод вспомнить сексуальное видео из ого  anacondaz feat pivovarov  хаос live at atlas weekend kiev ,1
еще один фестиваль до которого осталось всего ничего   июля  удмуртская республика  мо нечкинское yletaй  ижевск сарапул удмуртия улетай,1
большая презентация нового альбома anacondaz состоится в москве только в конце осени но группа уже нашла чем скрасить себе и своей публике столь долгое ожидание    июля прямо посреди жаркого столичного лета в парке красная пресня развернется первый в своем роде pauzern picnic   билеты в продаже в кассах и на сайтах   httpsvkccbxvpn   httpsvkccbxvg    заказ по телефону   ,1
ежели вы пропустили эфир программы воздух с нашим участием ловите сегодня повтор в  по московскому времени  httpplayernasheruplay   fm в москве   fm в питере,0
июль наступил а значит скоро доброфест  лайнап httpsdobrofestinfoprogram билеты httpsvkccesfss  собираетесь на него в этом году,1
вот прямо сейчас и начнется наш радиоконцерт рокового направления   подключайтесь httpplayernasheruplay,1
сегодня в  мск слушайте наш живой концерт и интервью михаилу марголису в программе воздух на нашем радио   fm в москве  fm в питере онлайнвещание httpplayernasheruplay  кстати зацените чудеса экстрасенсорики мы прикрепили именно тот трек который вы еще секунду назад собирались скидывать в комментарии,1
отличный пятничный вечерок в астане  лд алау сегодня распухнет от хипхопа httpswwwalauinforusnewscidrid  астана astana alauicepalace казахстан,1
ого да мы в youtube music  на нас можно подписываться добавлять альбомы в библиотеку а также песни слушать и клипы смотреть  musicyoutubecomchannelucvjrzsdvhcnzmcqrzq  где вы еще такое видели,0
казахстан на связи  уже в эту пятницу встретимся с вами после четырехлетнего перерыва   июня  астана  ледовый дворец алау hiphop fest httptopticketkzdetailsphpeventid  астана astana alauicepalace казахстан,1
большая презентация нового альбома anacondaz состоится в москве только в конце осени но группа уже нашла чем скрасить себе и своей публике столь долгое ожидание   июля прямо посреди жаркого столичного лета в парке красная пресня развернется первый в своем роде pauzern picnic  концерт anacondaz на свежем воздухе совмещенный с едой и другими приятными активностями все что так мило вашему сердцу в одно время и в одной локации  подробности httpsvkcomanacondazpauzernpicnic билеты httpsanacondazruanacondazpauzernpicnichall,1
 июня в пространстве creators base в музее москвы играем в футбол   мы сколотили команду под названием деньги не проблема и готовы завтра зарубиться аки дикие лемминги   подробнее httpscreatorsbaseadidasruevent  приходите болеть и радоваться жизни,1
можно взять палочку и покопаться в себе,0
премьера printa  баллада о блуждающих feat чаян фамали у нас нет возможности изменить прошлое и часто оно не дает измениться нам всем сбившимся со своего пути посвящается  httpsapplecomipkbv apple music  httpsapplecolvnkqp itunes  httpsbitlymkuyyx yandexmusic httpbitlymnwqsn google play,0
anacondaz о гулаге татуировках и шиномонтаже с тимати  в свежем интервью михаилу марголису для лентыру  httpslentaruarticlesanacondaz,0
грязные  агрессивные  настоящие ,0
всем утренний хой мы в прямом эфире  httpwwwnasheruanacondaz,0
 июня в  гостями утреннего шоу подъмники станут музыканты группы anacondaz сега и ортм ждм ваших вопросов на наш смсномер  и в комментариях видеотрансляцию прямого эфира смотрим на нашеру  нашерадио слушай смотри эфир подъемики anacondaz,0
завтра утром с  до  по москве ловите сегу и ортма в эфире шоу подъемники на нашем радио иль вы не рокеры  httpswwwnasheruprogramsutro,0
змеиные истории  если пропустили наши сногсшибательные отчты то самое время их посмотреть  hiphop mayday и день физика мфти нашими глазами,0
слем астана   июня встретимся с вами на большом хипхоп фесте с кастой в хедлайнерах который пройдет в ледовом дворце алау  билеты httptopticketkzdetailsphpeventid  астана astana alauicepalace казахстан,1
в жизни всегда есть место подвигу  mprraccoon,0
сегодня  июня как вы все хорошо знаете большой праздник  потому что в этот день родился ортм хорев которого следует немедленно поздравить в комментариях,0
женя очень любит рэп,0
anacondaz pauzerncrew anacondazplaylist  сегодня мы хотим поделиться с вами подборкой любимых треков от басиста евгения форманенко и ниже вы можете прослушать их,0
большая презентация нового альбома anacondaz состоится в москве только в конце осени но группа уже нашла чем скрасить себе и своей публике столь долгое ожидание   июля прямо посреди жаркого столичного лета в парке красная пресня развернется первый в своем роде pauzern picnic  концерт anacondaz на свежем воздухе совмещенный с едой и другими приятными активностями все что так мило вашему сердцу и желудку в одно время и в одной локации показать полностью,1
сегодня у солнечного михалыча из нашего личного ривенделла день рождения с чем мы его сердечно поздравляем  и пусть наш животный джазбэнд будет всегда прекрасен   animalджаz zeropeople александркрасовицкий,0
дебютный клип заточки  внутри знакомые все лица  заточка настрелу грязноедельце,0
змеиные истории ютуб покажет наш змеиные истории  по ссылочке переходи vkccysrb   мая посетили день физика в мфти что в подмосковном долгопрудном расположен своими глазами увидели место где рождаются физикиядерщики и вам решили показать   оператор денис носков  anacondaz змеиныеистории днифизика,0
зима близко питер  а там и презентация нашего нового альбома   декабря  a green concert  билеты httpsanacondazruanacondazinspbhall  anacondaz agreenconcert питер спб,1
anacondaz pauzerncrew  сегодня мы узнаем что находится в плейлисте у звукорежиссра группы anacondaz александра полежаева слушаем и делимся впечатлениями,0
змеиные истории увидеть не хотите ли   мая в лужниках отгремел ежегодный фестиваль hiphop mayday  мы не только выступали там но и вдобавок запечатлели сие мероприятие  жизнь от чека до бэка  продолжение следует  оператор денис носков  anacondaz змеиныеистории hiphopmayday,0
солнечному питеру,0
с днем полотенца всех причастных  и даже если у вас отключили горячую воду без паники ведь это значит что гдето на другом конце галактики ее включили обратно  деньполотенца безпаники дугласадамс,0
вслед за нашим совместным синглом добрая песня сегодня у мэйти вышел долгожданный новый альбом биголло ч  слушайте и приходите на его презентации  мая  санктпетербург  июня  москва мы  спецгости  мэйти anacondaz биголло,0
мэйти  добрая песня пу anacondaz   вс будет не будет   любовь романтика ромашки,0
алабама   илюшон с юрцом сколотили группу назвали ее заточка и выпустили дебютный альбом грязноедельце  яндексмузыка httpsvkccmztb  google play httpsvkccnuf  боглюбиткантри,0
давно хотели с мишей поработать и вот наконецто всем добра,0
премьера мэйти  добрая песня пу anacondaz  альбом биголло ч |   показать полностью,0
дебютный альбом сайдпроекта ильюшона,0
заточка  грязное дельце    яндексмузыка httpsvkccmztb  google play httpsvkccnuf   показать полностью,0
специально для тех кто пропустил наше выступление в шоу rock weekend эфир был целиком записан на vhs  httpsyoutubewcjvpno  anacondaz радиомаяк роковойуикенд,1
 мая  года родился на свет наш второй альбом дети и радуга   значит уже через год пойдет в школу надеемся что не в новую    itunes httpsapplecowivvn   google play httpsgooglgngfvn   яндексмузыка httpsmusicyandexrualbum   вк httpsvkcomaudiozaudioplaylist,0
а мы в эфире httpsradiomayakru  подрубаемся  многоканальный телефон прямого эфира   smsпортал  сообщение начинайте со слова маяк а также пишите в whatsapp и viber ,0
сегодня в  настраивайте свои радиоприемники представим что они у вас есть на волну маяка в москве это  fm и слушайте наш концерт в прямом эфире шоу роковый уикенд  ну или просто перейдите в назначенный час по ссылке httpsradiomayakru  многоканальный телефон прямого эфира   smsпортал  сообщение начинайте со слова маяк а также пишите в whatsapp и viber в telegram не пишите это противозаконно ,0
в субботу даем живой концерт на маяке в программе роковый уикенд  прямой эфир начнется в  по москве вносите в ежедневник   fm | httpsradiomayakrushowsshowid,1
сегодня международный день музеев  отличный повод сходить на какуюнибудь выставку и окультуриться вдоволь  деньмузеев международныйденьмузеев museumday,0
новости минувших дней    артм хорев из группы anacondaz анонсировал скорый выход альбома мэйти и совместную песню на нм    серия фотографий из алатыря и следующие слова появились в соцсетях миши уехал на съемки фильма видимо речь идт о съмке документального фильма о родном городе артиста показать полностью,0
единственный человек в группе кто слушает в основном рэп,0
anacondaz pauzerncrew anacondazplaylist  начнм эту неделю с плейлиста от битмейкера тимура пресетова,0
стильные паузернаксессуары для выхода в люди  куда бы вы ни собрались во двор в магазин в гараж в пенсионный фонд  наденьте на себя наш браслет или нацепите значок  и не удивляйтесь восторженным взглядам со всех сторон теперь они будут сопровождать вас повсюду  httpsvkcommarket,0
а ведь этим летом мы посетим не только многочисленные фестивали абстрактного хипхопа но и землю обетованную с сольным концертом   августа  тельавив  gagarin  билеты уже в продаже httpswwwtixwisecoilheeventbbbff  израиль тельавив israel telaviv,1
anacondaz pauzerncrew anacondazplaylist  сегодня мы хотим поделиться с вами подборкой любимых треков от алексея назарчука и ниже вы можете ближе ознакомиться с каждым из них   the fever  показать полностью,0
 anacondaz  презентация нового альбома   ноября  москва adrenaline stadium   приобретайте билеты заранее httpsvkccvug,1
поздравляем всех с днем радио нашими самыми радиофрендли треками  деньрадио попов мая,0
вот оно какое наше лето   июля  ижевск  yletaй  июля  ярославль  доброфест  августа  большое завидово  нашествие  августа  веселовка  тамань  рокфестиваль рэпфестиваль фестивальавторскойпесни,1
anacondaz pauzerncrew anacondazplaylist  и ещ один представитель виа акондавик подогнал нам немного замечательных треков ловите подборку от сергея карамушкина   всем удачной недели,0
отметили  мая в лужниках нормас,1
дни физика мфти выходят на финишную прямую  масштабная зона технологий с мастерклассами стендами крупных компаний лекторием физтехчиталки и множеством развлечений первый в истории дней физика роботурнир по футболу и openair c anacondaz и ундервуд не упусти последнюю возможность посетить все мероприятия дней физика  года  дни физика мфти поколение ф мы из тех,0
с первомаем дорогая мир труд рэп  мы на сцене лужников в  httpsvkcomluzhnikifree  мая hiphopmayday luzhnikifree,1
музла вам на вечер ,0
anacondaz pauzerncrew anacondazplaylist  ловите подборку нормальных треков от ильи погребняка а то слушаете всякую залупу,0
а  мая мы традиционно вжарим на mayday в лужниках  всех любителей харднхеви приглашаем к сцене в   мая luzhnikifree даславитсяметалл,1
главное приключение года  крупнейший рэпфестиваль страны  наконецто с нашим участием httpsnashestvierulineup  нашествие большоезавидово праздникхипхопа,1
два года назад на сцене дней физика выступила группа anacondaz с тех пор они выпустили свой пятый альбом выходи за меня сняли шесть клипов с миллионами просмотров и дали более сотни концертов   основатели паузернрэпа разнообразили репертуар новоявленными рокбоевиками потеснившими классические хипхоп номера выступление с живыми инструментами объединит в себе широкий спектр музыки от мелодичного трека семь миллиардов до взрывного спаси но не сохраняй никаких стилистических и музыкальных границ лиричные композиции будут плавно перетекать в слэм а жесткие и ритмичные песни западать в душу   anacondaz  второй хедлайнер дней физика  новый уровень новые треки новый дф   поколение ф openair  мая  площадь лкгк,1
ты уже знаешь кто он  осталось лишь узнать где мы будем петь о нем  презентации нового альбома  ноября  москва stadium  декабря  санктпетербург a  больше городов httpsanacondazru следите за обновлениями список городов будет дополняться,1
ровно год назад в москве состоялся наш самый жирный сольный концерт   ноября мы возвращаемся в stadium с презентацией нового альбома  побьем предыдущий рекорд  anacondaz stadium adrenalinestadium,1
useless id  тараканы  among other zeros and ones   две группы две страны два языка но дружба и творческое мышление едины российская группа тараканы и израильские панкрокеры useless id представляют совместный сплитальбом among other zeros and ones в котором исполнили песни друг друга на русском и английском языках    itunes httpsapplecoinar   google play httpsgooglcynyr   boom httpsvkccyccm     заказать cd  винил httpssoundrelizcompreordertarakanyuselessid,0
в послужном списке anacondaz значатся пять долгоиграющих пластинок один миниальбом и несколько десятков клипов заслуженно набирающих миллионные просмотры на youtube за неполные десять сценических лет группа дала уже несколько сотен концертов в россии и ближнем зарубежье     ноября в московском клубе adrenaline stadium состоится презентация нового альбома группы anacondaz    onlineзаказ билетов httpsvkccvug,0
anacondaz pauzerncrew anacondazplaylist  начнм эту неделю с нашей новой постоянной рубки плейлист участника anacondaz вместе с артмом хоревым и подборкой огненных треков  никогда не слушайте коммерческое мейнстримовое музло ищите психов фриков и гениев во всех уголках мира,0
в эти тревожные дни когда роскомнадзор выходит на свою кровавую охоту всем нам невинным любителям стикеров с кабанчиком стоит держаться вместе например на этом телеграмканале  httpstmeanacondazofficial  пожалуй последнее пристанище в телеграме где до сих пор не торгуют наркотиками и не планируют теракты,0
политика чья политика не наша  с,0
в этом видео зашифровано туровое расписание anacondaz на  год  если долго и внимательно его смотреть можно обнаружить свой город,1
с днем космонавтики стражи галактики  апреля гагарин денькосмонавтики,0
друзья будьте внимательны убедитесь что плейлисты с нашими альбомами уже добавлены к вам на страницу ведь иначе у людей которые заглядывают в ваши аудиозаписи может сложиться о вас превратное мнение  и вот кому спрашивается нужно это недопонимание    смачные ништяки  vkcomaudiozaudioplaylist   дети и радуга  vkcomaudiozaudioplaylist   без паники  vkcomaudiozaudioplaylist   байки инсайдера  vkcomaudiozaudioplaylist   выходи за меня  vkcomaudiozaudioplaylist,0
 ноября в московском клубе adrenaline stadium состоится презентация нового альбома группы anacondaz   билеты в продаже в кассах и на сайтах   httpsvkccvug  httpsanacondazru   осенью  года флагманы российской альтернативной сцены отправятся в свой очередной масштабный тур на этот раз  в поддержку нового шестого по счету альбома в последний день золотой поры астраханские рэпгерои предстанут перед столичной публикой с обновленной программой,1
anacondaz  чего ради тур   презентации нового альбома  ноября  москва stadium  декабря  санктпетербург a  больше городов httpsanacondazru следите за обновлениями список городов будет дополняться,1
апрель пришел все тает и течет но оглянуться не успеешь и за окном декабрь  презентации нового альбома    ноября  москва adrenaline stadium    декабря  санктпетербург a green concert  билеты уже в продаже на anacondazru anacondaz adrenalinestadium agreenconcert,1
наши питерские друзья и коллеги animal джаz разродились прекрасным новым альбомом счастье     itunes httpbitlyanimaljazzhappinessitunes   google play httpbitlyanimaljazzhappinessgoogle  но прежде чем бежать его слушать от начала до конца освежим в памяти нашу совместочку двое с альбома шаг вдох трибьют  animalджаz anacondaz счастье,0
сегодня развлекаемся в миассе на russian freestyle games  наш сет начнется в  по местному времени  rfg miassangeles,0
теперь ты знаешь не только кто он но и где он   itunes store vkccqwo   apple music vkccrwz   google play vkccqwao   spotify vkccrvd   deezer vkccrrhky   boom vkccrwta   soundcloud vkccrvmk   яндексмузыка vkccqwo,0
anacondaz  ты знаешь кто он new single     itunes store vkccqwo   google play vkccqwao   яндексмузыка vkccqwo  презентации нового альбома    ноября  москва stadium    декабря  санктпетербург a,0
новый клип anacondaz  это наверное лучшее предвыборное видео эвер осторожно оно может оскорбить ваши чувства  обсудим httptheflowruvideosanacondazzhaeshktoon,0
anacondaz  ты знаешь кто он official music video  мир придет на землю тогда когда люди будут больше иметь дело друг с другом и меньше с государством мэтт ридли эволюция всего  тур httpsanacondazru,0
russian freestyle games by happy hour camp дарит вам возможность выиграть целый викенд на двоих приходящийся на russian freestyle games   но мы не ограничились одним призом так победители занявшие  ые места получат карту участника лагеря а   ые места станут счастливыми обладателями билетов на russian freestyle games  показать полностью,0
скоро,0
russian freestyle games   марта в миассе  билеты httpschelkassirru  rfg miassangeles,1
сегодня nintendo впервые отмечает в россии международный день марио  поднимем же за нашего героя бокалы с детским шампанским и закусим грибочками малосольными  marday,0
гой еси noize mc  горячо поздравляем с днем рождения нашего старинного друга ивана алексеева,0
сегодня мы решили без какогото определенного повода поздравить всех милых дам которые останавливают коней на скаку заходят в горящие избы и пробиваются в самые первые ряды на наших концертах ,0
сегодня последний день когда вы можете воспользоваться специальной праздничной скидкой  на товары заказанные на нашем сайте  httpsanacondazrutourproducts  скидка не распространяется на паузернкарнавальный мерч  доставка заказов осуществляется по всему миру,0
немного фотокарточек с эксклюзивного акустического концерта который мы провели  марта для участников нашего закрытого паузернклуба   наргиза тохтасунова,1
 ноября в adrenalinestadium состоится презентация нового альбома группы anacondaz    подробности httpsvkcomanacondazstadium   осенью  года флагманы российской альтернативной сцены отправятся в свой очередной масштабный тур на этот раз  в поддержку нового шестого по счету альбома в последний день золотой поры астраханские рэпгерои предстанут перед столичной публикой с обновленной программой  показать полностью,1
в  мск начнем трансляцию с нашей секретной акустики в инстаграме  httpswwwinstagramcomrapanacondaz  будьте начеку,1
завтра  марта в нашем инстаграме состоится прямая трансляция закрытого акустического концерта для членов нашего паузернклуба  начинаем в  по москве  подписывайтесь прямо сейчас чтобы не пропустить самое интересное  httpswwwinstagramcomrapanacondaz,1
всем арбузноосетровый салам   сегодня мы бы хотели поделиться с вами отличной историей про наш родной город астрахань   наш друг глеб написал дерзкую статью в которой не без доли юмора рассказал все что нужно знать если вас вдруг занест в наши суровые края  httpstjournalruastrahan  фото глеб никифоров валерий маслов,0
зимавсегда и anacondaz   я всегда любил хипхоп а с треками и в последствии самими anacondaz меня познакомил мой друг владимир кочетков он как и сами анаконды из астрахани оказалось что парни знают зимавсегда и не прочь сделать совместный трек мне они тоже очень понравились теперь я их фанат они мне кстати еще бейсболку торчат так что я думаю одним треком дело не ограничится  евгений кубынин для eatmusic  zimavsegdaru,0
 марта обеспечим культурную программу на фестивале russian freestyle games  крупнейших международных соревнованиях по лыжному и сноуборд фристайлу город миасс горнолыжный курорт солнечная долина  билеты уже в продаже httpschelkassirru  rfg miassangeles,1
а какие ваши любимые панкрок композиции ,0
всем привет пришла весна но в отличие от давних пророчеств почки если набухли то снег пока не растаял а скорее всего что и печень тоже барахлит   напомним что по итогам прошлогоднего голосования в топ отечественных релизов  по версии нашего паблика на ое место попала группа anacondaz с альбомом выходи за меня казалось бы где паузернрэп и где interesting punk показать полностью,0
наш товарищ олег асса поработал в mcdonalds чтобы рассказать насколько это круто  скорее бегите смотреть а потом в отдел кадров насамомделенет,1
в бурятской мэрии сегодня с самого утра приятная суматоха все готовятся к большому государственному празднику дню рождения тимура есетова  от души поздравляем легенду паузернбитмейкинга и призываем вас забомбить этот пост своими ликующими комментариями,0
в честь годовщины со дня релиза альбома выходи за меня вспомним все клипы и видео на песни с этой пластинки  сннс  youtubejvuncqfa чего ради  youtuberwgvlwii бдсм  youtubehmphtbeslq ангел  youtubelslfeetje ненавижу  youtubenbrprnjy хаос  youtubewasxotqfk поезда  youtubevscutbznqu,0
ровно год назад явился миру наш альбом выходи за меня    itunes applecokrmcjj   google play googlgst   яндексмузыка googlkstm  а вот как будет назван следующий шестой альбом мы пока не знаем но даты его презентации уже перед вами    ноября  москва adrenaline stadium    декабря  санктпетербург a green concert,0
 декабря в питерском клубе a green concert состоится презентация нового альбома группы anacondaz билеты уже в продаже  googlsxckq anacondazru осенью  года флагманы российской альтернативной сцены отправятся в свой очередной масштабный тур на этот раз  в поддержку нового шестого по счету альбома уже в начале зимы астраханские рэпгерои доберутся с обновленной программой и до северной столицы показать полностью,1
праздничная акция в интернетмагазине anacondaz  с  февраля по  марта включительно при оформлении заказа на anacondazrutourproducts вы получите  скидку напомним что доставка наших ништяков осуществляется по всему миру  акция не распространяется на товары идущие в комплекте с билетами а также на новогодний мерч футболки и свитшоты pauzern carnival которых на складе осталось считанные единицы,0
 ноября в московском клубе adrenaline stadium состоится презентация нового альбома группы anacondaz    подробности httpsvkcomanacondazstadium  билеты в продаже в кассах и на сайтах  httpsvkccingl  httpsanacondazru  осенью  года флагманы российской альтернативной сцены отправятся в свой очередной масштабный тур на этот раз  в поддержку нового шестого по счету альбома в последний день золотой поры астраханские рэпгерои предстанут перед столичной публикой с обновленной программой,1
а как вам сексуальный кавер от ярослава чеботарева,0
anacondaz презентация нового альбома осень      ноября  москва adrenaline stadium    декабря  санктпетербург a green concert  билеты уже в продаже на anacondazru  anacondaz adrenalinestadium agreenconcert,1
валентинка деньвлюбленных вместенавсегда,0
валентинка деньвлюбленных пылкимсердцам,0
валентинка деньвлюбленных второйполовинке,0
кто еще не заценил альтернативную версию песни хаос с нового альбома артма пивоварова стихия огня исправляемся    itunes vkccmgvy   google play vkccmzaob   яндексмузыка vkccqfpj,0
сразу два наших клипа практически одновременно взяли новую для anacondaz вершину на ютубе теперь на счетчиках к видео мама я люблю и спаси но не сохраняй по    ваших драгоценных просмотров  к этой же отметке горделиво подлетает и наш беспечный ангел  пламенные спасибевичи всем подписчикам канала httpsyoutubecomrapanacondazsubconfirmation,0
московский pauzernкарнавал в свежем видосике дениса морозова  pauzerncarnival arbathall арбатхолл,0
новогодние комбонаборы в нашем паузерншопе действительны до  января включительно доставка по всему миру    винил  свитшот pauzern carnival httpsvkccbcecw   винил  футболка pauzern carnival httpsvkccbcf   винил  футболка pauzern carnival black httpsvkccbcfon  полный ассортимент нашего магазина httpsanacondazrutourproducts,0
пока наша программа находится на зимних каникулах весь январь мы вспоминаем самые яркие музыкальные номера за прошедший  год   anacondaz  поезда  вся музыка tvrushowsvecherniyurgantmuzyka  музыкаvecherniyurgant,0
еще один летний фестивальный анонс yletaй   июля ижевск курорт активного отдыха нечкино  подробности и билеты httpuletayfestru  ижевск izhevsk удмуртия нечкино,1
с сегодняшнего дня в нашем интернетмагазине anacondazrutourproducts действует бесплатная доставка на следующие товары    свитшот pauzern carnival  httpsvkcccvhyw   футболка pauzern carnival  httpsvkcccvifo   футболка pauzern carnival black  httpsvkcccvhpv  их тираж уже подходит к концу так что это ваша последняя возможность нарядиться в паузернкарнавальный мерч  обратите внимание на то что бесплатная доставка невозможна при наличии в корзине любых других лотов кроме этих трех также она не действует при заказе комбонаборов с виниловой пластинкой,0
ортм когда я стану миллиардером  вход на концерт anacondaz для всех в любом месте будет бесплатным  httppunxloveruinterviewsanacondazu,0
сергей карамушкин  ум рот и совесть ансамбля anacondaz  празднует сегодня свой день рождения  неистово поздравляем сегу всеми своими интернетами,0
пока еще не все соцсети рассорились и заблокировали ссылки друг на дружку напомним свои адреса и явки в каждой из них милости просим  фолловьте джойнитесь ну и если здоровье позволяет сабскрайбтесь  youtubecomrapanacondaz  кинематографичный ютуб instagramcomrapanacondaz  сексуальный инстаграм tmeanacondazofficial  конспиративный телеграм twittercomrapanacondaz  глубокомысленный твиттер facebookcomrapanacondaz  фейсбук западного образца,0
традиционно солнечный питерский pauzernкарнавал в фотокарточках михаила козлова  января aurora concert hall  pauzerncarnival солнечныйпитер auroraconcerthall,0
комбонаборы по выгодным ценам на anacondazru  винил  свитшот pauzern carnival httpsvkccbcecw винил  футболка pauzern carnival httpsvkccbcf винил  футболка pauzern carnival black httpsvkccbcfon  весь ассортимент нашего магазина httpsanacondazrutourproducts,0
 января в arbat hall прошел традиционный ежегодный pauzernкарнавал группы anacondaz лучшие представители отечественной альтернативной рэпсцены устроили форменное безумие под сводами площадки учинив тотальный разнос своими треками на танцполе слэм файершоу киловатты звука и света  все производные настоящего рейва были собраны в этот вечер воедино и явили собой мощнейший перфоманс легендарного коллектива  как это было  в отчете ниже фото alpacaagency   arbathall anacondaz pauzerncarnival,1
секс наркотики и плохие шутки страх и отвращение в сочи  вся изнанка жизни веселых и находчивых ноунеймов на пути к юлию гусману и всенародному признанию  в художественном фильме квнщики   съемки этой полнометражной картины проходили на сочинском фестивале квн без разрешения организаторов которые не знали об участии фейковой команды состоящей из актеров фильма в саундтрек вошло сразу несколько наших песен с альбома выходи за меня,0
сегодня вечером прокачиваем петербург и встречаем вместе с ним старый новый год в своих лучших pauzernкарнавальных традициях  незабываемое музыкальнокостюмированное шоу стартует в aurora concert hall с акустического сета проекта rock privet в   билеты httpsanacondazruanacondazinspbhall  pauzerncarnival rockprivet auroraconcerthall,1
завтрашний наш pauzernкарнавал в санктпетербурге также не обойдется без акустического саппорта от rock privet   января aurora concert hall начало в   билеты httpsanacondazruanacondazinspbhall  pauzerncarnival rockprivet auroraconcerthall,1
тамань  еще один летний фестиваль в котором мы примем участие в наступившем году  августа поселок веселовка на берегу черного моря  абонементы уже в продаже httpbiletarueventsconcertstaman,1
атмосферный репортаж из эпицентра нашего осеннего концерта в a  httpsyoutubeeifdsyqw  спасибо льву pauzern crew и солнечному питеру с которым мы вновь встретимся уже  января httpsanacondazruanacondazinspbhall,0
в нашем интернетмагазине теперь есть возможность самовывоза товаров  если вы находитесь в москве то каждый будний день с  до  можете забрать свои ништяки самостоятельно  адрес пункта выдачи будет доступен после оформления заказа  httpsanacondazrutourproducts,0
московский pauzernкарнавал в фотообъективе юлии рванцевой  на очереди питер концерт в авроре уже в субботу  января  pauzerncarnival arbathall арбатхолл,0
 января | anacondaz | pauzernкарнавал в спб   января anacondaz ждт всех ценителей грязного южного рэпа в питере в клубе aurora concert hall для мощнейших танцев и недетского отрыва по сложившейся традиции все музыканты в этот вечер предстанут в неожиданных новогодних образах не отставай и ты от своих кумиров доставай с антресолей костюм йети робин гуда или зубной феи и пригоняй на pauzernкарнавал  уникальная концертная программа и неповторимая атмосфера которой славятся выступления anacondaz будет приправлена новогодними ништяками и полюбившимися всем хитами пропускать категорически запрещено концертов будет ещ много а pauzernкарнавал только раз в году   января клуб aurora concert hall санктпетербург билеты vkccmqkzy и на сайте anacondazru,1
pauzernкарнавал в москве  уже сегодня в клубе arbat hall  собирайте свои постновогодние кости надевайте на них карнавальные шмотки и приходите получать удовольствие приветствуются самые необычные наряды но если таковых у вас нет можете обратить свое внимание на новую зимнюю линейку нашего паузернмерча  концерт откроет акустический сет от rock privet  начало в   билеты httpsponominalurueventanacondazpromoteancndz arbathall арбатхолл pauzerncarnival,1
внимание не покупайте билеты с рук слишком много мошенников   каждый билет имеет уникальный штрихкод   последние билеты бумажные в магазине зигзаг рядом с м китайгород по суперцене  руб,1
сегодня наш первый концерт в  году  сочи мкк роза холл открытие фестиваля livefest  подробности и билеты  httpsrosahallcomeventslivefeststart  сочи sochi розахутор розахолл,1
друзья как и обещали рассказываем вам про сопутствующие фестивалю события и сообщаем интересные подробности   на территории олимпийской деревни расположенной на втором уровне плато роза хутор будет функционировать popup студия в которой известный журналист и музыкальный критик борис барабанов будет общаться с вашими любимыми артистами любой желающий сможет прийти послушать и посмотреть на это  показать полностью,1
музыкальные итоги минувшего года от дарьи милк  httpsyoutubebvudecb  не без нашего участия,0
 января  сочи  роза хутор livefest билеты httpsrosahallcomeventslivefeststart   января  москва  arbat hall pauzernкарнавал билеты httpsanacondazruanacondazinmoscowhall   января  питер  aurora hall pauzernкарнавал билеты httpsanacondazruanacondazinspbhall,0
 год   альбом   клипов   концертов   год  то же самое только громче ярче крепче  с наступающим,0
уже хорошо знакомый вам каверпроект rock privet откроет своим акустическим сетом наш новогодний pauzernкарнавал в столице   января  москва  arbat hall  билеты httpsanacondazruanacondazinmoscowhall  arbathall арбатхолл pauzerncarnival,1
первый из трех и одновременно последний pauzernкарнавал в этом году состоится сегодня в серпухове  клуб korston сбор гостей в  билеты httpswwwkorstonruserpukhovnews  облачайтесь в свои самые сумасшедшие наряды и приходите провожать й в лучших паузернтрадициях группы anacondaz если специального костюма к карнавалу вы так и не подготовили не расстраивайтесь на концерте можно будет приодеться в наш сексуальный новогодний мерчендайз  серпухов корстон pauzerncarnival,1
стиль стб паузэрнрэп  что тут еще говорить это anacondaz и вс то что мы в них так любим в одном флаконе под названием выходи за меня  классных треков с интересной моралью которые способны поднять настроение из любого дна и настроить на злобнонасмешливый лад четыре клипа  каждый со своим крутым концептом стилем и задумкой   да вы и сами вс знаете давайте просто насладимся шикарным альбомом и их последним клипом  adminweekiheartnine,0
заключительный выпуск программы учитесь слышать в этом году стартует в эфире радио maximum прямо сейчас  в гостях как нетрудно догадаться мы  онлайнтрансляция httpmaximumru,0
сега и ортм в первом выпуске нового сезона шоу чтото здесь не так  httpsyoutubeyciwlrvlo  горячая премьера от создателей блокбастера узнать за  секунд,0
последний концерт anacondaz в уходящем году pauzernкарнавал в серпухове  декабря korston  билеты httpsanacondazruanacondazinpauzernkarnavalhall  билеты со скидкой всего  штук по  рублей  только сегодня с  до  и только на сайте korston httpswwwkorstonruserpukhov  серпухов корстон pauzerncarnival,1
всем привет   ежели у вас душа лежит к составлению всякого рода топов и списков и вы черпаете инфу о мире музыки с the flow то по ссылке вы можете проголосовать за нас в различных номинациях   лучший альбом  лучший рокинди релиз  лучший артист года  httptheflowrunewsvoteordie,0
в разделе товары сайта anacondazru случилось тотальное обновление мерча спешите прицениться к нашей новогодней коллекции выпущенной специально к грядущим pauzernкарнавалам  если помимо футболки или свитшота вы хотите урвать себе еще и виниловую пластинку выходи за меня для вас предусмотрены комбонаборы по более выгодным ценам httpsanacondazrutourproducts  вся актуальная линейка мерча будет также доступна на концертах    декабря  серпухов korston  билеты vkccogjbq  января  москва arbat hall  билеты vkcchaer  января  питер aurora hall  билеты vkccikuz,0
 ноября в клубе главclub green concert прошло большое выступление группы anacondaz мы проникли на бэкстейдж и подготовили для вас видеоинтервью в котором музыканты подробно рассказали о том какое оборудование roland и boss они используют на сцене поклонники творчества группы а так же музыканты которые заинтересованны в качественном саунде несомненно найдут для себя много интересного в этом ролике  этим видео мы открываем цикл интервью с артистами roland и boss которые будем снимать во время саундчеков и подготовок к концертам  приятного просмотра roland rolandbackstage,0
pauzernкарнавалы    января  москва arbat hall  января  питер aurora hall  билеты  мерч httpsanacondazru,0
хай всем кто планирует посетить pauzernkарнавал  в москве место где пройдет концерт абсолютно новое зато в самом центре и недалеко от метро arbathall представляет собой обычную концертную площадку с удобным входом и вместительным випбалконом билеты можно купить ежедневно в кассе клуба с  до   а также здесь httpwwwconcertrueventactionid,1
еще немножко ненависти в бэкстейдже со съемок клипа от kinoarenda  anacondaz kinoarenda production,0
а здесь читатели афиши выбирают лучший русскоязычный альбом  года  httpsdailyafisharumusicchitateliafishiv ну вы знаете какой,0
новый клип anacondaz почти не отличить от фильма перестрелка  года,0
anacondaz  ненавижу video edit    itunes store httpsvkccuwqxz   apple music httpsvkccuwrf   google play httpsvkccuwrfb  если вы както умудрились пропустить клип то вам сюда httpsyoutubenbrprnjy,0
хорошая новость,0
премьера нового клипа anacondaz ненавижу,0
долгожданное обновление нашей мерчколлекции  лютейшая футболка по мотивам песни смотри на меня уже доступна для заказа на официальном сайте группы  httpsanacondazrufutbolkasmotrinamenjahall  встречайте новый год в новом pauzernодеянии,0
anacondaz  ненавижу official music video  наши pauzernкарнавалы    серпухов korston   москва arbat hall   питер aurora hall билеты anacondazru  anacondaz ненавижу,0
телеканал mtv россия отобрал  главных рэпартистов года и теперь с помощью зрительского голосования определяет самых востребованных  httpwwwmtvrurapgalaxy  предлагаем вам далеко не ходить и проголосовать за первый же вариант в списке претендентов благо они расположены в алфавитном порядке   мы ни на что не намекаем но делать это можно каждые пять минут,0
ребята из проекта rock privet сделали кавер на нашу песню спаси но не сохраняй в стиле группы pod  инджой маза фака,0
москва скорей слетайся в лужники на фестиваль winter games  наш выход на сцену в   а ваш вход  свободный  лужники москва luzhnikifree wintergames,1
vsem rap privet ,0
выпуск   это rock privet и anacondaz ,0
не упусти последнюю возможность купить билет по ссылке за  рублей httpsponominalurueventanacondazpromoteancndz  с понедельника цена возрастет до  р как и в остальных онлайнкассах httpwwwconcertrueventactionid httpsredkassarueventsbiletynaconcertanaconda httpsmskkassirrukoncertarbathallanacondazp httpsbiletmarketrueventsanacondazbilety httpwwwparterruanacondazpauzerncarnivalмосква,1
в сочи на этих новогодних праздниках будет чем заняться особенно  января  подробности и билеты  httpsrosahallcomeventslivefeststart  сочи sochi розахутор розахолл,1
на anacondazru стартовала новогодняя распродажа цена на футболки мотоципл и pauzern rangers снижена до  рублей  это последняя возможность приобрести майки с данными принтами их тираж уже подходит к концу не провороньте  httpsanacondazrufutbolkamototsiplhall httpsanacondazrufutbolkapauzernrangershall,0
 января | anacondaz | pauzernкарнавал в спб   января anacondaz ждт всех ценителей грязного южного рэпа в питере в клубе aurora concert hall для мощнейших танцев и недетского отрыва по сложившейся традиции все музыканты в этот вечер предстанут в неожиданных новогодних образах не отставай и ты от своих кумиров доставай с антресолей костюм йети робин гуда или зубной феи и пригоняй на pauzernкарнавал  уникальная концертная программа и неповторимая атмосфера которой славятся выступления anacondaz будет приправлена новогодними ништяками и полюбившимися всем хитами пропускать категорически запрещено концертов будет ещ много а pauzernкарнавал только раз в году   января клуб aurora concert hall санктпетербург билеты vkccmqkzy и на сайте anacondazru,1
winter games в лужниках  в эту субботу  начало фестиваля в  вход свободный,1
розыгрыш билетов на концерт группы anacondaz  для участия нужно   вступить во встречу концерта  сделать репост этого поста себе на страницу показать полностью,1
сегодня день рождения у бессменного басгитариста anacondaz гения низких частот и высоких помыслов евгения форманенко  если вы живете в белгороде то можете лично поздравить женю на концерте в клубе soda который начнется уже в ,0
круглый год тут ветер и мороз тут авитаминоз и под снегом не видать берез ооооо медведи на велосипеде шапка  ушанка водка радуга дети    декабря лужники winter games  начало в  вход свободный лужники москва luzhnikifree wintergames,1
привет белгород  уже в субботу безобразничаем в клубе soda  билетов осталось всего ничего httpsanacondazruanacondazinbelgorodhall  белгород belgorod бгд,1
похудеть  да будет так ер   itunes httpsgooglryrh  карма над головой должна быть чище хоть сам ты и по уши в дерьме  похуdеть pohudeti астрахань,0
готовь сани летом а к доброфесту готовься зимой  подробности и билеты httpsdobrofestinfo,1
москва концерт по заявкам раскрутейший фоторепортаж юлии рванцевой,1
москва в новом году ни в коем случае не обойдется без нашего традиционного pauzernкарнавала  весело отмечаем нг просыпаемся к вечеру  января наряжаемся в заранее приготовленные костюмы и дружно отправляемся в arbat hall  подробности события httpsvkcomanacondaz  билеты уже в продаже httpsanacondazruanacondazinmoscowhall httpsponominalurueventanacondazpromoteancndz anacondaz pauzerncarnival pauzernкарнавал,1
вопреки содержанию афиши мы не играем тут настроениехит,0
сегодня будет очень душевно и круто,0
друзья не можем тянуть с этой новостью и с удовольствием объявляем специальных гостей нашего концерта в stadium  встречайте  группа anacondaz отцы pauzernрэпа и участники проекта шаг вдох трибьют   декабря мы пригласили ребят в свой личный ривенделл чтобы вместе войти в историю ну или хотя бы в ваши сториз  билеты на концерт vkccwucbj,1
альтернативная версия хаоса на новом альбоме артма пивоварова  стихия огня уже в сети рекомендуем   itunes vkccmgvy   google play vkccmzaob   яндексмузыка vkccqfpj,0
всем пламенный салют  вчера прямо во время нашего выступления администрация московского главклуба выключила звук сорвав тем самым концерт клуб мотивировал свои действия соображениями безопасности на танцполе зрители использовали пиротехнику  стробоскопы  мы же уверены что выключение звука  это не необходимость а самодурство свинство и показуха  показать полностью,1
видео о том как мы ходили на радио httpsyoutubeeisbpdo  для всех кто пропустил наш эфир в программе улица правды на москва fm,0
возрадуйтесь москвичи и гости столицы  сегодня в главclub green concert состоится большой концерт по вашим заявкам готовы услышать все свои любимые хиты которые вы сами для нас отобрали с помощью голосования  вход в клуб с  начало концерта в  специальные гости группа тплые дни  билеты httpsanacondazruanacondazinmoscowhall,1
немного фоток из солнечного питера бэкстейдж со съемок клипа двое  by daria milk,0
виниловую пластинку выходи за меня теперь можно приобрести не только на anacondazru и нашем ближайшем московском концерте  ноября главclub но и в специализированном интернетмагазине maximum vinyl  каждому покупателю магазин обещает приятный бонус httpsvkccpcfdh,0
альбом anacondaz выходи за меня увидел свет  февраля  года и  дней удерживал первую строчку общего чарта itunes концерты в поддержку нового релиза прошли более чем в  городах россии столичная презентация пластинки состоялась в апреле в клубе stadium и собрала рекордную для группы аудиторию  более  человек   а уже  ноября в московском главclub green concert виа anacondaz выступят с большим сольным концертом по заявкам поклонников    приобретайте билеты заранее httpsvkccbiq,0
мама я на радио,0
группа тплые дни  специальные гости концерта anacondaz в главклубе  не пропустите их открывающий сет в этот четверг  ноября  httpsanacondazruanacondazinmoscowhall,1
сегодня в  гостим у бориса болелова и виджея чака на москва fm  слушайте программу улица правды на частоте  fm   онлайнтрансляция httpwwwmosfmcom,1
ближайшие концерты   ноября  москва  главclub  билеты vkcchaer  декабря  белгород  soda  билеты vkccikw  pauzernкарнавал   декабря  серпухов  korston  билеты vkccogjbq  января  санктпетербург  aurora  билеты vkccikuz,1
не прозевай наш концерт дорогой мурманск  клуб soda вход с  начало в  билеты httpsanacondazruanacondazinmurmanskhall  расписание тура выходизаменя httpsanacondazru  мурманск murmansk заполярье,1
релиз альбома без паники состоялся начале  года третья полноформатная пластинка anacondaz была тепло встречена как аудиторией так и критикой отмечалось чувство юмора небанальность а также фирменный синтез раздолбайства и высказываний о главном  песни альбома без паники за которые было отдано наибольшее количество ваших голосов уже  ноября прозвучат концерте виа anacondaz в столичном главclub green concert   билеты online httpsvkccbiq  заказ по телефону   ,0
в честь черной пятницы интернетмагазин группы anacondaz объявляет скидку  на все товары   httpsanacondazrutourproducts  срок действия акции с   до   самое время смотреть прицениваться  чернаяпятница blackfriday,0
anacondaz feat animal джаz  двое official music video   погуляли по солнечному питеру навестили друзей сняли видос     anacondaz москва главclub показать полностью,0
как дела за полярным кругом  узнаем уже в эту субботу   ноября  мурманск  soda  билеты httpsanacondazruanacondazinmurmanskhall  мурманск murmansk заполярье,1
anacondaz  pauzernкарнавал  декабря серпухов korston club   серость дней достала забав мало группа anacondaz знает как развеять скуку и согреться в промозглый зимний вечер вот уже третий год подряд астраханские рейнджеры закатывают оголтелый pauzernкарнавал показать полностью,0
до грандиозного концерта по вашим заявкам который пройдет в московском главклубе осталось какихто  дней  билеты тают на глазах так что советуем не мешкать httpsanacondazruanacondazinmoscowhall,1
трек двое вышел в составе трибьютальбома шаг вдох  песен animal джаz в переосмыслении шестнадцати разных групп и исполнителей    itunes httpsvkccmrfr   google play httpsvkccmltd   яндексмузыка httpsvkccmrhdm,0
архангельск готов  встречаемся сегодня в клубе m в  билеты httpnorthernsoundrueventsanacondazm  расписание тура выходизаменя httpsanacondazru  архангельск arkhangelsk,1
корпорация pmi представляет anacondaz  pauzernкарнавал   января  г  aurora concert hall первые  билетов по  руб vkccmqkzy фирменные билеты на anacondazru  показать полностью,1
внимание солнечный питер  только что они отыграли сольный концерт в а green concert а уже завтра споют вместе с animal джаz встречайте anacondaz  специальные гости нашего концерта посвященного летию альбома шаг вдох  наш животный джазбэнд и званые гости в родном петербурге  осталось меньше суток последние билеты ещ ждут вас здесь muzbiletruevent  фото дарья потапенкова,1
ну здравствуй солнечный питер будем сегодня развлекать друг друга в a green concert  вход открыт с  билеты пока еще доступны на  httpnorthernsoundrueventsanacondaza  расписание тура выходизаменя httpsanacondazru  санктпетербург питер спб,1
друзья к сожалению вынуждены сообщить что концерт anacondaz  ноября в пскове отменяется по причинам не зависящим ни от артистов ни от организаторов   порядок возврата денег за билеты будет озвучен завтра,1
питер уже в четверг   ноября хулиганская банда anacondaz вернтся в северную столицу с мощнейшим концертом в a green сoncert прозвучат все хиты с недавно вышедшего альбома выходи за меня и лучшие боевики с прошлых релизов куражить подано господа   в предпродаже билеты всегда дешевле чем в день концерта поэтому лучше брать их заранее  а на сайте организатора тикеты ещ и без наценки  vkcclkdai,1
 ноября  великий день друзья  ведь он подарил миру илью погребняка гитариста группы anacondaz и выдающегося паузернкомпозитора современности  поздравляем нашего бешеного пса в многочисленных комментариях,1
арт бу евгений горб,0
южная часть нашего тура завершается сегодня в краснодаре  будем рады вас встретить в sgt peppers bar в  концерт откроет мой спутник  расписание тура выходизаменя httpsanacondazru  краснодар krasnodar sgtpeppersbar,1
в мае  года вышел второй студийный альбом группы anacondaz под названием дети и радуга в  году после подписания контракта с лейблом invisible management было выпущено переиздание этой пластинки  самые яркие хиты альбома дети и радуга отобранные народным голосованием прозвучат  ноября на концерте в главclub green concert    билеты online httpsvkccbiq  заказ по телефону   ,0
ростовнадону развлекается сегодня в баре бухарест  вход открыт с  специальный гость концерта мой спутник билеты httpsgooglhnzscg   расписание тура выходизаменя httpsanacondazru  ростовнадону rostovnadonu рнд,1
расписание и билеты на концерты anacondazru,1
anacondaz в астрахани большой концерт на малой родине  всех землячков ждем сегодня в клубе даир двери откроются в  концерт откроет мой спутник  билеты httpsanacondazruanacondazinastrakhanhall  расписание тура выходизаменя httpsanacondazru астрахань astrakhan daupclub,1
рады сообщить что завтра на концерте в клубе даир одну сцену с группой anacondaz разделит мой спутник песни группы мой спутник растопят даже самые заледенелые сердца наполнят их любовью и светом   напоминаем что сегодня у вас есть последняя возможность приобрести билеты по  руб завтра билеты на входе по  руб на сайте httpsanacondazruanacondazinastrakhanhall или в культовом баре до   ул фиолетова  показать полностью,1
спасибо солнечный питер что примешь нас в клубе a green concert уже на следующей неделе  билеты попрежнему в наличии  httpsanacondazruanacondazinspbhall  санктпетербург питер спб,1
большой концерт в родной астрахани  уже в этот четверг   ноября клуб даир  земляк приходи а  билеты httpsanacondazruanacondazinastrakhanhall  астрахань astrakhan daupclub,1
 anacondaz  концерт по заявкам   ноября  москва главclub green concert  билеты без наценки httpsvkccbiq,1
альбом выходи за меня вышел на виниле ограниченным тиражом  каждый экземпляр пластинки имеет уникальный порядковый номер  httpsanacondazruvinilhall,0
anacondaz  поезда live  вечерний ургант   ноября  санктпетербург a   ноября  москва главclub   расписание концертов и билеты httpsanacondazru  заказать пластинку как в руках у ивана можно здесь  httpsanacondazruvinilhall тираж ограничен,1
 декабря телеканал музыка первого устраивает в олимпийском новогоднее шоу snowпати с участием anacondaz  оно главное и белое  по крайней мере так гласит последний прессрелиз  билеты уже в продаже  httpwwwsnowpartyrutickets  музыкапервого snowпати,0
вечерний ургант первый канал прямо сейчас   в гостях музыкант певец и композитор император твиттера  дмитрий маликов музыкальный гость  anacondaz также в программе долгожданная рубрика встреча с интересным человеком   смотреть онлайн tvrulive,0
лсп  холостяк карандаш prod   dir alina pasok rec and mix alex davia  boom httpsvkccaqmpq apple music httpsapplecongdnl смотреть видео httpsyoutuberwznwdrvv,0
львов мы уже в городе концерт состоится  клуб malevich сегодня билеты на входе,1
 миллиона просмотров на сольной версии клипа холостяк на youtube спасибо за лояльность друзья   песня в apple music httpsapplecortmqr,0
пошлая молли  очень страшная молли  часть  слушать  скачать httpslnktostrashnayamollypt  музыка текст кирилл бледный сведение константин пыжов мастеринг олег белый шевченко обложка никита квасников  модель татьяна чудновская ближайшие концерты pmbiletcom,0
квартиры от  млн руб  мин от м савловская французские балконы панорамные окна подъезды на уровне земли  без ступеней и пандусов рядом останкинский и екатерининский парки оставьте заявку и узнайте больше,0
такое веселье было го сентября на концерте лсп в казани   список грядущих выступлений группы лсп   ноября  львов malevich билеты httpsvkccrqidq  ноября  киев stereo plaza билеты httpsvkccrqifa показать полностью,1
сон пионера как баный ягерь сладкий и крепкий он первым встат и показать полностью,0
 миллионов просмотров на клипе холостяк спасибо друзья   apple music httpsapplecorunsl boom httpsvkccuvzro,0
хороший кавер от белорусских блогеров  холостяк в apple music httpsapplecoxialpt,0
наш следующий концерт состоится го ноября во львове   билетов с каждым днем все меньше последние здесь httpsoticketcombuy,1
сегодня день рождения у наших концертного директора миши и саксофониста лео поздравляем друзья долгих вам лет вдохновения,0
поддерживай трек холостяк в чарте от love radio httpwwwloveradiorubiglovepollhtm   итоги  каждое воскресенье в  только в эфире love radio,0
apple music httpsapplecorunsl boom httpsvkccuvzro youtube music httpsbitlyppu яндексмузыка httpsvkccupvo deezer httpsvkcchnczy,0
специальное предложение для музыкантов  до    публикация вашей песни в популярных сообществах вконтакте на аудиторию  млн человек   рублей   жми чтобы получить персональное предложение по продвижению httpsvkcomapps,0
экспериментальноетворчество fanart,0
челябинск спасибо  пока мы отдыхаем а уже го ноября ждем всех львовян на нашем следующем выступлении в клубе malevich,1
sold out все билеты на концерт лсп в кургане проданы на входе билеты продаваться не будут   до встречи на концерте   ps это уже наш девятый аншлаг в этом туре спасибо за лояльность друзья мы любим вас ,1
тюмень спасибо  уже завтра мы направляемся в курган клуб академия последние билеты в продаже,1
тюмень  sold out спасибо  клуб байконур ждем каждого ,1
омск спасибо   тюмень ждем вас завтра в клубе байконур в продаже последние билеты,1
уже  миллиона просмотров на картинке с песней холостяк на нашем youtubeканале спасибо друзья   купить песню в apple music httpsapplecoxialpt купить песню в boom httpsvkccuvzro купить песню в яндексмузыке httpsvkccupvo,0
подборочка звездных дримарт портретов от нашей студии сейчас на такой стиль акция готовый портрет в размере х см стоит всего  рублей присылайте фотографии сделаем из них красоту  оплата при получении идеальное качество только натуральные материалы доставка до дверей  чтобы заказать  пишите vkmeholstagram или оставляйте заявку на нашем сайте wwwholstagramru,0
смотри наш с fedukом и егором кридом клип холостяк в ротации телеканала mtv россия  песня в apple music httpsapplecoxialpt,0
наш youtubeканал достиг отметки в   фолловеров подписывайся чтобы первым смотреть все премьеры лсп httpsgooglpzslx,0
сибирский тур лсп продолжается сегодня мы в омске клуб ангар   немного билетов все еще есть на входе,1
барнаул спасибо за четвертый солдаут подряд  хорошего концерта,1
томск спасибо это любовь    барнаул встречайте завтра последние билеты в продаже,1
sold out все билеты на концерт лсп в томске проданы на входе билеты продаваться не будут двери откроем в   до встречи на концерте ,1
sold out все билеты на концерт лсп в кемерово проданы на входе билеты продаваться не будут   до встречи на концерте ,1
чтобы стать программистом недостаточно прочитать книжку или просмотреть несколько вебинаров практика  вот ключ к успеху   получи  часов опыта программирования на javarush заходи прямо сейчас,0
билеты на танцпол закончились последние  vip билетов в продаже только тут hellandbackru,1
 миллионов просмотров на клипе холостяк   песня в apple music httpsapplecoxialpt песня в boom httpsvkccuvzro,0
красноярск  sold out спасибо  билетов больше нет на входе они тоже продаваться не будут хорошего концерта,1
иркутск спасибо   уже завтра мы играем в красноярске клуб circus последние билеты по ссылке httpsvkccirry,1
продолжение нашего турового дневничка   а уже сегодня мы выступаем в иркутске ждем каждого,1
уже завтра мы выступаем в иркутске дс труд   последние билеты на входе,1
 живете на селигерской  все интересные места вашего района,0
 миллионов просмотров   песня в apple music httpsapplecoxialpt,0
 миллиона просмотров всем спасибо  песня в boom httpsvkccaqmpq песня в apple music httpsapplecongdnl,0
лсп  за бортом live  оставшиеся концерты тура hell and back  октября  иркутск дс труд билеты httpsvkccrqbwt  октября  красноярск circus билеты httpsvkccirry показать полностью,1
 миллионов спасибо каждому,0
 миллионов просмотров на совместной версии холостяка,0
а как вам такой самодельный мерч  прислал олег учуев,0
птр клюев  мона лиза теперь на цифровых площадках  sound prod malk  rec  mix everestmedia  cover антон чижнок  песня в apple music httpsvkccafirm  песня в google play httpsvkccafjfs  клип на youtube httpsvkccafkef,0
и это только начало,0
   просмотров на сольной версии клипа холостяк спасибо за поддержку друзья  песня в boom httpsvkccaqmpq песня в apple music httpsapplecongdnl,0
онлайн  школа каллиграфии  imagination  основы каллиграфии для начинающих обучим с нуля за  месяцаинтересные задания проверка работ наши преподаватели готовы делиться опытом  условия участия программа и прочие подробности httpsvkcomapps,0
благодаря чудесам которые творит youtube россия нам удалось заменить в видео звуковую дорожку теперь в клипе звучит не демка трека а финальная версия пересмотреть можно здесь httpsyoutuberwznwdrvv  песня в boom httpsvkccaqmpq песня в apple music httpsapplecongdnl,0
птр клюев  мона лиза   sound prod malk music птр клюев text дарья белькевич птр клюев   смотреть клип httpswwwyoutubecomwatchvworknkvs,0
 миллионов просмотров   песня в apple music httpsapplecoxialpt,0
 миллион просмотров на сольной версии клипа холостяк всем спасибо  boom httpsvkccaqmpq apple music httpsapplecongdnl,0
лсп  холостяк уже доступен по ссылкам  boom httpsvkccaqmpq apple music httpsapplecongdnl,0
как вам клип,0
давайте познакомимся мы  bbr factory  шьм обувь с  года и очень любим это дело ставшее семейным   до го мы делали обувь оптом поставляли е в розничные магазины на крупные производства рабочую обувь в х даже делали для армии пока в один прекрасный момент не родилась идея создания bbr показать полностью,0
 миллионов просмотров спасибо,0
уже  миллиона просмотров на клипе холостяк всем спасибо друзья ,0
ижевск sold out всем спасибо и до встречи на выступлении  больше билетов нет и не будет покупка билета с рук не гарантирует вам попадание на концерт,1
 миллиона просмотров  песня в apple music httpsapplecoxialpt,0
 миллиона просмотров на клипе холостяк спасибо   песня в apple music httpsapplecoxialpt,0
tourlife,1
sold out все билеты на концерт лсп в перми проданы  на входе билеты продаваться не будут   покупка билетов с рук не гарантирует что вы попадете на концерт,1
дотянули до последнего родные промокод veche  ваша скидка  ,0
миллион просмотров на клипе меньше чем за сутки  холостяк в apple music httpsapplecoxialpt,0
лсп feduk егор крид  холостяк карандаш prod  dir alina pasok  rec and mix alex davia  холостяк в apple music httpsapplecoxialpt холостяк в boom httpsvkccuvzro холостяк в яндексмузыке httpsvkccupvo смотреть клип httpsyoutubetyfnuhddq,0
тем временем клип бэйби набрал    просмотров спасибо  осенний тур httpshellandbackru  приглашаем вас на наши стадионные концерты  марта  минск минскарена билеты httpsvkccuuadt   апреля  москва втб арена парк билеты httpsvkccuubeb   мая  санктпетербург ск юбилейный билеты httpsvkccuucv,0
у нас снова была вписка что из этого вышло  смотрите по ссылке httpsyoutubekncmpwornck,0
sold out все билеты в саранске проданы всем спасибо и до встречи на концерте,1
концерт уже завтра последние  билетов hellandbackru,1
наш холостяк на вечернем урганте набрал уже  миллиона просмотров спасибо,0
 сентября лсп в саратове gatsby   фото владимир келлинс,1
 сентября лсп в волгограде vs club  фото максим арчаков,1
  уже завтра мы впервые играем в ульяновске клуб пятое солнце приходите поддержать,1
уже даже песня холостяк на нашем youtubeканале перешагнула отметку в  миллион просмотров ждете клип,0
казань сегодня вас было очень много один из лучших наших концертов вообще спасибо  уже го октября летим в ульяновск ждем вместе,1
на днях мы запустили свой первый официальный сайт  httpslspofficialru там можно найти всю актуальную информацию о группе лсп а также приобрести нашу одежду присоединяйся,0
сегодня свой ий день рождения справляет наш менеджер никита береснев поздравляем друг,0
это волгоград   сегодня поджигаем саратов в gatsby  ждм вас  фото максим арчаков,1
    столько раз уже посмотрели нашего холостяка на урганте  холостяк в itunes httpsapplecoxialpt холостяк в google play httpsvkccvktrk холостяк в boom httpsvkccuvzro холостяк в яндексмузыке httpsvkccupvo  осенний тур httpshellandbackru,0
это краснодар   мы продолжаем наш масштабный hell and back тур и собираемся в волгоград го ждем всех в vs club,1
сегодня рвем краснодар   видео от егора князя,1
сегодня в ростове   уже завтра мы в краснодаре рвм arena hall ждем каждого,1
спасибо воронеж   уже сегодня  ростовнадону клуб arena don ждем каждого,1
друзья представляем вам наш новый сайт httpslspofficialru  там же можно заказать любой мерч из piggy shop налетай,0
друзья мы не стоим на месте и стараемся делать наш магазин удобнее и лучше   мы запустили свой официальный сайт  httpslspofficialru  показать полностью,0
наше выступление на урганте посмотрели  миллиона раз спасибо за поддержку  холостяк в itunes httpsapplecoxialpt холостяк в google play httpsvkccvktrk холостяк в boom httpsvkccuvzro холостяк в яндексмузыке httpsvkccupvo  осенний тур httpshellandbackru,0
как вам наша песня  холостяк в itunes httpsapplecoxialpt холостяк в boom httpsvkccuvzro холостяк в яндексмузыке httpsvkccupvo,0
ребята важные новости  сентября колян и вася участвуют в благотворительной ярмарке в пользу фонда образ жизни пацаны будут продавать вещи героев и друзей вписки вырученный кэш потратим на покупку медицинского оборудования для детейсирот с тяжелыми формами инвалидности   итак что мы вам приготовили наш друг олег лсп вытащил из своего гардероба сразу  вещей показать полностью,0
наше выступление на вечернем урганте уже перешагнуло отметку в миллион просмотров спасибо за поддержку друзья  холостяк в itunes httpsapplecoxialpt холостяк в boom httpsvkccuvzro холостяк в яндексмузыке httpsvkccupvo,0
концерт группировки ленинград в калининграде   каждый концерт группировки  это событие и шоу сделанное на максимуме возможностей не упустите шанс стать его частью билеты уже в продаже,1
холостяк поднялся на вторую строчку российского itunes  купить песню в itunes можно по ссылке httpsapplecoxialpt,0
холостяк в itunes httpsapplecoxialpt,1
вечерний ургант лсп feduk егор крид  холостяк,0
лсп feduk егор крид  холостяк карандаш prod  rec and mix alex davia cover alina pasok   осенний тур httpshellandbackru  марта  минск минскарена билеты httpsvkccuuadt   апреля  москва втб арена парк билеты httpsvkccuubeb   мая  санктпетербург ск юбилейный билеты httpsvkccuucv,0
сегодня в эфире  выпуск музыкальные гости понедельника  лсп feduk и егор крид с эксклюзивной премьерой совместного трека   вечерний ургант первый канал   смотреть онлайн tvrulive  музыкаvecherniyurgant  лсп feduk егоркрид,0
вк временно заблокировал встречи посвященные нашим концертам в некоторых городах поэтому до разблокировки о всех новостях связанных с выступлениями лсп можно узнавать отсюда   сентября  волгоград vs club   сентября  саратов gatsby    сентября  казань корстон   октября  ульяновск пятое солнце   октября  саранск horovod,1
какие планы на вечер,1
специально для тебя мы приготовили вкуснейший подарок  бесплатная пепперони при первом заказе   напиши нам в личку по ссылке vkmedodomsk секретный код додотверской и мы отправим тебе персональный промокод для заказа,0
сегодня  лет нашему дебютному миниальбому видеть цветные сны,0
грязь  сундук мертвеца  boom httpsvkccthtpj  презентация альбома  октября  петербург |  октября  москва,0
федя раскрыл карты в эфире love radio скоро совместный трек лсп с fedukом и егором кридом   httpstheflowrunewsfeduklspkreedconfirmed,0
внимание  вечером во вторник  сентября пройдут съмки музыкального номера с группой лсп и специально приглашенными музыкантами это будут отдельные вечерние съмки приходите   записывайтесь по почте welcomeurgantshowgmailcom   обязательно указывайте в теме письма лсп это абсолютно бесплатно    faq как быстро и правильно записаться на съемки vkccvgbz,0
обновленный гастрольный график   сентября  тула hardsignshow билеты httpsvkccrqmh  сентября  воронеж station mir билеты httpsvkccrqtrq  сентября  ростовнадону arena don билеты httpsvkccrqurd показать полностью,1
до выступления лсп в ульяновске остался ровно месяц  торопись за билетами пока они еще есть httpsvkcciqvwj,1
ровно месяц до концерта лсп в казани  билеты httpsvkcciqpue,1
самара ровно через месяц мы у вас  рекомендуем позаботиться о билетах заранее потому что вс движется к солдауту приобрести их можно здесь httpsvkcciyadp,1
всего месяц остался до концерта лсп в саратове  билеты вс еще можно приобрести здесь httpsvkcciqkga,1
до концерта лсп в волгограде остался ровно месяц   торопись за билетами пока они еще есть httpsvkcciqjnj,1
йоу сейчас будет офигенный спойлер вписка всей бандой отправляется снимать спешл про новый состав лсп и что самое главное мы возродим рубрику звонок фанату хотите стать е участником тогда оставляйте свои вопросы для лсп под постом автору самого горячего острого и оригинального вопроса пацаны позвонят лично а мы этот момент вставим в выпуск удачи,0
   просмотров на клипе монетка,0
как интернет отреагировал на блокировку клипа монетка httpstheflowrunewskakinternetreagiruetnaza,0
youtube по требованию роскомнадзора заблокировал клип лсп  монетка на территории российской федерации причина та же что и прежде данная информация содержит информацию о способах совершения самоубийства призывы к совершению самоубийства  напоминаем что в мае этого года роспотребнадзор с такой же формулировкой изъял трек номера из вконтакте,0
изза запрета в новгородском лагере песен группы лсп клип монетка показали на телеканале россия   лучший пиар как всегда пришел из ниоткуда спасибо лагерь олимпиец  фото взято из фанпаблика лсп  lsp  official fan page,0
из смешного детский лагерь в новгородской области запрещает проигрывать песни лсп на своей дискотеке,0
в детском лагере в новгородской области воспитатели ввели черный список исполнителей которых нельзя ставить на дискотеке   настоящий вклад в развитие культуры россии спасибо,1
тула  сентября группа лсп выступит у вас на hardsign show  билеты httpsvkcckabl,1
noize mc исполнил песню лсп номера на фестивале рок за бобров,1
 лсп x live band  rhymes show episode    support of the artist den hawk антон докучаев александр минец anton kulpinov птр клюев миша mod никита береснев  place street art museum  date   photo by nana here,0
фотоотчет с минского рока за бобров   dosugby,0
спасибо минск спасибо рок за бобров  а уже сегодня мы играем в санктпетербурге на rhymes show билеты  на входе,1
украно    августа лсп выступит на фестивале захд под львовом билеты zaxidfestcom,1
 не так часто домашний матч сборной россии можно увидеть своими глазами но теперь такой шанс есть   россия  чехия  декабря билеты от  httpbitlyzokext,0
 августа лсп выступит в минске на рок за бобров аэродром боровая мы на сцене в  успей забронировать себе место на rockbobrovby,1
год,0
минчане ищем людей для участия в массовке в съемках при участии олега лсп возраст  ограничение строгое так как мероприятие предполагается ночное фото и контактные данные присылайте в директ инстаграма instagramcomwhynotfound и пожалуйста чтоб всем было комфортнее отправив  не беспокойтесь лишний раз если вас выберут то ответят обязательно ,0
друзья вы просто сумасшедшие благодаря вам мы понимаем что вс это не зря спасибо ,0
это очень круто даже не думали что вас так много   кидайте еще свои татуировки с тематикой песен лсп и тд в комменты к этому посту мы вс опубликуем,0
еще одна татуировка лсп спасибо instagramcomtema,0
екатеринбург спасибо,1
программист   специально для тебя мы сделали не сумку мы сделали систему храненияобраз жизни где вс находится на своих местах  это continent    сколько раз вы были на важной встрече и забывали визитку вроде это мелочь но наша жизнь из мелочей и состоит  показать полностью,0
одналюбовь  ph stage,0
 месяца до концерта лсп в саратове  билетов всем может не хватить купить их можно на сайте httphellandbackru,1
одесса нам так понравилось что мы решили вернуться   августа  лсп в одессе bono beach club  самые дешевые билеты уже в продаже налетай httpsoticketcomlspvodesse,1
до концерта лсп в волгограде осталось ровно  месяца  торопись за билетом httphellandbackru,1
ph stage,0
как вам видео друзья в каком городе ждете концерт,1
мы выходим в открытую продажу билетов на апрельский концерт лсп в московской втб арене билеты теперь можно приобрести в приложении httpsvkcomapp   на видео  наш большой весенний концерт в минске приятного просмотра   режиссер егор князь  съемка notakitchen,1
   просмотров,0
лентач у нас есть целых  билетов по два на каждый город на большой осенний тур лсп и мы готовы отдать их сорока шести подписчикам которые поделятся этим постом  победители будут выбраны случайным образом  августа   подробности о туре httpsvkccihbv,1
 года альбому magic city,0
спасибо киев спасибо atlas weekend  ждем всех  ноября в stereo plaza на нашем большом сольном концерте билеты httpsvkcchndwi,1
олег лсп главные баскетбольные аналитики снг и худший драфт в истории nba,0
олег и птр клюев с анной седоковой,0
сегодня день рождения празднует наш барабанщик саша минец поздравляем брат долгих лет жизни,0
squad,0
клип потерян и не найден достиг отметки в  просмотров  москва увидимся сегодня в парке горького на nike box  наши ближайшие летние выступления  июля  одесса   июля  екатеринбург вилы   августа  мариуполь mrpl city festival   августа  минск рок за бобров   августа  санктпетербург rhymes show   августа  москва rhymes show  приглашаем вас на концерты осеннего тура  сентября  воронеж   сентября  ростовнадону   сентября  краснодар   сентября  волгоград   сентября  саратов   сентября  самара   сентября  казань   октября  ульяновск   октября  саранск   октября  чебоксары   октября  киров   октября  пермь   октября  ижевск   октября  уфа   октября  иркутск   октября  красноярск   октября  кемерово   октября  томск   ноября  барнаул   ноября  омск   ноября  тюмень   ноября  курган   ноября  челябинск   ноября  киев,0
уже завтра группа лсп снова пожалует в морскую столицу украины    июля  лсп в одессе bono beach club   билеты httpsoticketcomlsp,1
 бесплатных билетов на nike box разлетелось меньше чем за сутки всем спасибо любовь   ждем завтра всех своих слушателей в московском парке горького зажжем вместе,1
 июля лсп выступит в москве на nike box успей забронировать себе место gonikemelsp,1
с днем рождения,0
освещает полуночный  месяц башню на границе  строчит карликпулемтчик  из малюсенькой бойницы   показать полностью,0
"Booking Machine представляет:Тур Loqiemean — «Зомби Надо Хоронить» Part 1 Локи представит «Сожги Этот Альбом» в столицах России и Украины, после чего отправится в тур по городам, в которых он еще никогда не выступал. Этой весной хороним неживое для живого всем лайв бэндом. Презентация альбома: Питер — 23 марта • Москва — 29 марта • Киев — 5 апреля Тур: Калининград — 31 марта • Смоленск — 7 апреля • Брянск — 9 апреля • Калуга — 10 апреля • Тула — 12 апреля • Рязань — 13 апреля • Пенза — 14 апреля • Саранск — 16 апреля • Нижний Новгород — 17 апреля • Иваново — 19 апреля • Владимир — 20 апреля • Ярославль — 21 апреля Билеты в продаже на loqiemeantour.com",1
Открываем ночь! Не пропусти наш выход,1
"Друзья, с нескрываемой радостью сообщаем, что мы будем открывать главное музыкальное событие года! Будет космически круто, а учитывая что мы с вами давно не виделись - вдвойне! Успевайте к 17:00! До встречи на OPEN SPACE 2108!",1
Екатеринбург | part III,1
"Мегаспорт, Москва.",1
Екатеринбург | part I,1
Gruppa Skryptonite - Глупые и Ненужные\n\nЗагрузить в iTunes: https://apple.co/2OgJjxG\nПослушать в Apple Music: https://apple.co/2OUMJHF,0
"Ты никогда не будешь на все 100% готовым, и никогда не будет подходящего времени, но в этом вся суть. Каждый момент является подходящим. Если ты хочешь что-либо сделать, тебе придётся осуществить свой план.",0
"Я падала птицей раненной на прибой,\nНо ведь дело не в крыльях, верно?\nИ не в страхе пред высотой,\nЯ тобой увлеклась безмерно,\nНарушив перламутровый покой.",0
Какая версия вам нравится больше,0
Разбираем фотографии с автограф-сессии в [club16647180|adidas Originals]!\n\nДо встречи в Мегаспорте сегодня вечером!,1
Архангельск. Клуб М33,1
Санкт-Петербург. A2 Green Concert,1
 Ростов-на-Дону. Arena Don,1
Краснодар. Arena Hall,1
"Ранен"". Съёмки клипа. Фото: Александра Королёва.\n\nСмотреть здесь:",0
"Вспоминаем, как ВСПОМИНАЛИ ВСЁ в Москве: https://vk.com/album-1212665_258442073\n...и готовимся ВСПОМНИТЬ ВСЁ в Санкт-Петербурге.",1
"Вась, проснись, \nздесь реальная жизнь - \nв честь Первомая\nноги переломают.\nТы не Гагарин и Титов,\nты - маргарин для типов,\nчто жарят на сковороде\nтех, кто был наскоро одет.\nПахнет потом и семенем,\nда потерянным временем.\nНа языке вкус железа,\nты знаешь, тут бесполезно\nходить тропками, хрустеть пробками, \nвслух читать Камю (вам не громко ли)?\nДа, я тебя гружу, чтоб забрать маржу,\nа ты лажу свою впаривай моржу!",0
Альбом встречи 24.11.2018 Бар [club160264228|12 кранов - v 2.0] 🤘🤘🤘 Спасибо друзья за поддержку нашего творчества!,0
Первое большое интервью для The Flow:,0
Сегодня типа чёрная пятница) Поэтому наши парнёры из https://vk.com/bomman занимающиеся стикерами - решили устроить распродажу на паки NATRY) Весь викенд стикеры по 100 рублей!,0
"МОСКВА, УЖЕ СЕГОДНЯ!] \nОГРОМНОЕ ШОУ С КУЧЕЙ НОВЫХ ПЕСЕН И СТАРЫХ ХИТОВ! ЖДЁМ ВСЕХ",1
"Народ, есть идея вернуть, ставшую многими любимой, серию футболок ""Всё Будет Плохо"". Но встал вопрос о том, насколько это надо вам)",0
"Пока мы турим, Neuroleptic засветился на радио MAXIMUM",0
"23.11 - Леха Румянцев в Королёве\nhttps://vk.com/ppr2018\n\n24.11 - Леха Румянцев в Обнинске \nhttps://vk.com/rumyancevobninsk\n\nМосквичи, тож приезжайте, тут совсем рядом!",1
"В пятницу [club170821951|30-го мрачный разъёб в Минске, клуб Брюгге,] всем белорусам быть как штык! а пока читаем интервью.",1
Беларусы! МИНСК! Пятница! Брюгге! Всем! Быть,1
Братьев дорогих репостим. Все го на канц.,1
Москва! Соскучились?,1